{"cameraMode":{"drawMode":0,"name":"Shaded","section":"Shading Mode"},"sceneLighting":true,"audioPlay":false,"sceneViewState":{"m_AlwaysRefresh":false,"showFog":true,"showSkybox":true,"showFlares":true,"showImageEffects":true,"showParticleSystems":true,"showVisualEffectGraphs":true,"m_FxEnabled":true},"in2DMode":false,"pivot":{"x":2.0850932598114015,"y":2.375936508178711,"z":-3.6845922470092775},"rotation":{"x":0.17622427642345429,"y":-0.08993338793516159,"z":0.016179950907826425,"w":0.9801226258277893},"size":3.3944685459136965,"orthographic":true}